RK,PLAYER,TEAM,AB,R,H,2B,PW,RBI,SB,CS,BB,SO,AVG,OBP,SLG,OPS,WAR
1,Mike Trout,LAA,246,48,73,14,18,39,8,3,31,62,0.297,0.381,0.625,0.954,3.8
2,Josh Donaldson,TOR,266,54,81,16,17,45,3,0,23,54,0.305,0.361,0.6080000000000001,0.918,3.9
3,Nelson Cruz,SEA,246,34,76,7,19,41,1,2,22,68,0.309,0.368,0.617,0.933,2.4
4,Miguel Cabrera,DET,234,38,80,13,16,51,1,1,43,46,0.342,0.446,0.65,0.999,3.4
5,Prince Fielder,TEX,256,34,88,14,11,47,0,0,21,32,0.344,0.406,0.5790000000000001,0.933,1.5
